model,model_2,brand,product,product_parent,product_lang,file_urls,type,url,thumb,source,brand_category
DF48450F/S/P,,Wolf,"48"" Dual Fuel Range - 4 Burners and French Top",,en,https://www.subzero-wolf.com//-/media/files/united-states/product-downloads/sub-zero-wolf/use-and-care/wolf/dual-fuel-range-use-and-care-guide.pdf,Use and Care Guide,https://www.subzero-wolf.com/wolf/ranges/dual-fuel/48-inch-dual-fuel-range-4-burners-french-top,https://www.subzero-wolf.com/trade-resources/product-specifications/product-specifications-detail/-/media/images/united-states/dynamic-images/df48450f-s-p/df48450f-s.png,"Sub-Zero, Wolf, and Cove | Kitchen Appliances that Inspire",wolf
DF48450DG/S/P,,Wolf,"48"" Dual Fuel Range - 4 Burners and Infrared Dual Griddle",,en,https://www.subzero-wolf.com//-/media/files/united-states/product-downloads/sub-zero-wolf/use-and-care/wolf/dual-fuel-range-use-and-care-guide.pdf,Use and Care Guide,https://www.subzero-wolf.com/wolf/ranges/dual-fuel/48-inch-dual-fuel-range-4-burners-dual-infrared-griddle,https://www.subzero-wolf.com/trade-resources/product-specifications/product-specifications-detail/-/media/images/united-states/dynamic-images/df48450dg-s-p/df48450dg-.png,"Sub-Zero, Wolf, and Cove | Kitchen Appliances that Inspire",wolf
DF48650G/S/P,,Wolf,"48"" Dual Fuel Range - 6 Burners and Infrared Griddle",,en,https://www.subzero-wolf.com//-/media/files/united-states/product-downloads/sub-zero-wolf/use-and-care/wolf/dual-fuel-range-use-and-care-guide.pdf,Use and Care Guide,https://www.subzero-wolf.com/wolf/ranges/dual-fuel/48-inch-dual-fuel-range-6-burners-infrared-griddle,https://www.subzero-wolf.com/trade-resources/product-specifications/product-specifications-detail/-/media/images/united-states/dynamic-images/df48650g-s-p/df48650g-s.png,"Sub-Zero, Wolf, and Cove | Kitchen Appliances that Inspire",wolf
DF48850/S/P,,Wolf,"48"" Dual Fuel Range - 8 Burners",,en,https://www.subzero-wolf.com//-/media/files/united-states/product-downloads/sub-zero-wolf/use-and-care/wolf/dual-fuel-range-use-and-care-guide.pdf,Use and Care Guide,https://www.subzero-wolf.com/wolf/ranges/dual-fuel/48-inch-dual-fuel-range-8-burners,https://www.subzero-wolf.com/trade-resources/product-specifications/product-specifications-detail/-/media/images/united-states/dynamic-images/df48850-s-p/df48850-s-.png,"Sub-Zero, Wolf, and Cove | Kitchen Appliances that Inspire",wolf
DF60650DG/S/P,,Wolf,"60"" Dual Fuel Range - 6 Burners and Infrared Dual Griddle",,en,https://www.subzero-wolf.com//-/media/files/united-states/product-downloads/sub-zero-wolf/use-and-care/wolf/dual-fuel-range-use-and-care-guide.pdf,Use and Care Guide,https://www.subzero-wolf.com/wolf/ranges/dual-fuel/60-inch-dual-fuel-range-6-burners-infrared-dual-griddle,https://www.subzero-wolf.com/trade-resources/product-specifications/product-specifications-detail/-/media/images/united-states/dynamic-images/df60650dg-s-p/df60650dg-.png,"Sub-Zero, Wolf, and Cove | Kitchen Appliances that Inspire",wolf
DF48650C/S/P,,Wolf,"48"" Dual Fuel Range - 6 Burners and Infrared Charbroiler",,en,https://www.subzero-wolf.com//-/media/files/united-states/product-downloads/sub-zero-wolf/use-and-care/wolf/dual-fuel-range-use-and-care-guide.pdf,Use and Care Guide,https://www.subzero-wolf.com/wolf/ranges/dual-fuel/48-inch-dual-fuel-range-6-burners-infrared-charbroiler,https://www.subzero-wolf.com/trade-resources/product-specifications/product-specifications-detail/-/media/images/united-states/dynamic-images/df48650c-s-p/df48650c-s.png,"Sub-Zero, Wolf, and Cove | Kitchen Appliances that Inspire",wolf
DF60650CG/S/P,,Wolf,"60"" Dual Fuel Range - 6 Burners, Infrared Charbroiler and Infrared Griddle",,en,https://www.subzero-wolf.com//-/media/files/united-states/product-downloads/sub-zero-wolf/use-and-care/wolf/dual-fuel-range-use-and-care-guide.pdf,Use and Care Guide,https://www.subzero-wolf.com/wolf/ranges/dual-fuel/60-inch-dual-fuel-range-6-burners-infrared-charbroiler-infrared-griddle,https://www.subzero-wolf.com/trade-resources/product-specifications/product-specifications-detail/-/media/images/united-states/dynamic-images/df60650cg-s-p/df60650cg-.png,"Sub-Zero, Wolf, and Cove | Kitchen Appliances that Inspire",wolf
IR30450/S/T,,Wolf,"30"" Transitional Induction Range",,en,https://www.subzero-wolf.com//-/media/files/united-states/product-downloads/sub-zero-wolf/use-and-care/wolf/induction_range_uc.pdf,Use and Care Guide,https://www.subzero-wolf.com/wolf/ranges/induction-range/30-inch-transitional-induction-range,https://www.subzero-wolf.com/trade-resources/product-specifications/product-specifications-detail/-/media/images/united-states/dynamic-images/ir30450-s-t/ir30450-s-.png,"Sub-Zero, Wolf, and Cove | Kitchen Appliances that Inspire",wolf
GR606CG,,Wolf,"60"" Gas Range - 6 Burners, Infrared Charbroiler and Infrared Griddle",,en,https://www.subzero-wolf.com//-/media/files/united-states/product-downloads/sub-zero-wolf/use-and-care/wolf/granges-ucg.pdf,Use and Care Guide,https://www.subzero-wolf.com/wolf/ranges/gas-range/60-inch-gas-range-6-burners-infrared-charbroiler-infrared-griddle,https://www.subzero-wolf.com/trade-resources/product-specifications/product-specifications-detail/-/media/images/united-states/dynamically-generated-product-images/gr606cg/dynamic_gr606cg.png,"Sub-Zero, Wolf, and Cove | Kitchen Appliances that Inspire",wolf
DF60650F/S/P,,Wolf,"60"" Dual Fuel Range - 6 Burners and French Top",,en,https://www.subzero-wolf.com//-/media/files/united-states/product-downloads/sub-zero-wolf/use-and-care/wolf/dual-fuel-range-use-and-care-guide.pdf,Use and Care Guide,https://www.subzero-wolf.com/wolf/ranges/dual-fuel/60-inch-dual-fuel-range-6-burners-french-top,https://www.subzero-wolf.com/trade-resources/product-specifications/product-specifications-detail/-/media/images/united-states/dynamic-images/df60650f-s-p/df60650f-s.png,"Sub-Zero, Wolf, and Cove | Kitchen Appliances that Inspire",wolf
GR364G,,Wolf,"36"" Gas Range - 4 Burners and Infrared Griddle",,en,https://www.subzero-wolf.com//-/media/files/united-states/product-downloads/sub-zero-wolf/use-and-care/wolf/granges-ucg.pdf,Use and Care Guide,https://www.subzero-wolf.com/wolf/ranges/gas-range/36-inch-gas-range-4-burners-infrared-griddle,https://www.subzero-wolf.com/trade-resources/product-specifications/product-specifications-detail/-/media/images/united-states/dynamically-generated-product-images/gr364g/dynamic_gr364g.png,"Sub-Zero, Wolf, and Cove | Kitchen Appliances that Inspire",wolf
GR364C,,Wolf,"36"" Gas Range - 4 Burners and Infrared Charbroiler",,en,https://www.subzero-wolf.com//-/media/files/united-states/product-downloads/sub-zero-wolf/use-and-care/wolf/granges-ucg.pdf,Use and Care Guide,https://www.subzero-wolf.com/wolf/ranges/gas-range/36-inch-gas-range-4-burners-infrared-charbroiler,https://www.subzero-wolf.com/trade-resources/product-specifications/product-specifications-detail/-/media/images/united-states/dynamically-generated-product-images/gr364c/dynamic_gr364c.png,"Sub-Zero, Wolf, and Cove | Kitchen Appliances that Inspire",wolf
GR486C,,Wolf,"48"" Gas Range - 6 Burners and Infrared Charbroiler",,en,https://www.subzero-wolf.com//-/media/files/united-states/product-downloads/sub-zero-wolf/use-and-care/wolf/granges-ucg.pdf,Use and Care Guide,https://www.subzero-wolf.com/wolf/ranges/gas-range/48-inch-gas-range-6-burners-infrared-charbroiler,https://www.subzero-wolf.com/trade-resources/product-specifications/product-specifications-detail/-/media/images/united-states/dynamically-generated-product-images/gr486c/dynamic_gr486c.png,"Sub-Zero, Wolf, and Cove | Kitchen Appliances that Inspire",wolf
GR484DG,,Wolf,"48"" Gas Range - 4 Burners and Infrared Dual Griddle",,en,https://www.subzero-wolf.com//-/media/files/united-states/product-downloads/sub-zero-wolf/use-and-care/wolf/granges-ucg.pdf,Use and Care Guide,https://www.subzero-wolf.com/wolf/ranges/gas-range/48-inch-gas-range-4-burners-infrared-dual-griddle,https://www.subzero-wolf.com/trade-resources/product-specifications/product-specifications-detail/-/media/images/united-states/dynamically-generated-product-images/gr484dg/dynamic_gr484dg.png,"Sub-Zero, Wolf, and Cove | Kitchen Appliances that Inspire",wolf
DW2450WS,,Cove,"24"" Dishwasher with Water Softener - Panel Ready",,en,https://www.subzero-wolf.com//-/media/files/united-states/product-downloads/sub-zero-wolf/use-and-care/cove/cv_dw_ucg.pdf,Use and Care Guide,https://www.subzero-wolf.com/cove/dishwashers/24-inch-dishwasher-water-softener-panel-ready,https://www.subzero-wolf.com/trade-resources/product-specifications/product-specifications-detail/-/media/images/united-states/dynamic-images/dw2450ws/dw2450ws.png,"Sub-Zero, Wolf, and Cove | Kitchen Appliances that Inspire",cove
DW2450,,Cove,"24"" Dishwasher - Panel Ready",,en,https://www.subzero-wolf.com//-/media/files/united-states/product-downloads/sub-zero-wolf/use-and-care/cove/cv_dw_ucg.pdf,Use and Care Guide,https://www.subzero-wolf.com/cove/dishwashers/24-inch-dishwasher-panel-ready,https://www.subzero-wolf.com/trade-resources/product-specifications/product-specifications-detail/-/media/images/united-states/dynamic-images/dw2450/dw2450.png,"Sub-Zero, Wolf, and Cove | Kitchen Appliances that Inspire",cove
IR30450/S/P,,Wolf,"30"" Professional Induction Range",,en,https://www.subzero-wolf.com//-/media/files/united-states/product-downloads/sub-zero-wolf/use-and-care/wolf/induction_range_uc.pdf,Use and Care Guide,https://www.subzero-wolf.com/wolf/ranges/induction-range/30-inch-professional-induction-range,https://www.subzero-wolf.com/trade-resources/product-specifications/product-specifications-detail/-/media/images/united-states/dynamic-images/ir30450-s-p/ir30450-s-.png,"Sub-Zero, Wolf, and Cove | Kitchen Appliances that Inspire",wolf
GR606DG,,Wolf,"60"" Gas Range - 6 Burners and Infrared Dual Griddle",,en,https://www.subzero-wolf.com//-/media/files/united-states/product-downloads/sub-zero-wolf/use-and-care/wolf/granges-ucg.pdf,Use and Care Guide,https://www.subzero-wolf.com/wolf/ranges/gas-range/60-inch-gas-range-6-burners-infrared-dual-griddle,https://www.subzero-wolf.com/trade-resources/product-specifications/product-specifications-detail/-/media/images/united-states/dynamically-generated-product-images/gr606dg/dynamic_gr606dg.png,"Sub-Zero, Wolf, and Cove | Kitchen Appliances that Inspire",wolf
IR36550/S/P,,Wolf,"36"" Professional Induction Range",,en,https://www.subzero-wolf.com//-/media/files/united-states/product-downloads/sub-zero-wolf/use-and-care/wolf/induction_range_uc.pdf,Use and Care Guide,https://www.subzero-wolf.com/wolf/ranges/induction-range/36-inch-professional-induction-range,https://www.subzero-wolf.com/trade-resources/product-specifications/product-specifications-detail/-/media/images/united-states/dynamic-images/ir36550-s-p/ir36550-s-.png,"Sub-Zero, Wolf, and Cove | Kitchen Appliances that Inspire",wolf
IR36550/S/T,,Wolf,"36"" Transitional Induction Range",,en,https://www.subzero-wolf.com//-/media/files/united-states/product-downloads/sub-zero-wolf/use-and-care/wolf/induction_range_uc.pdf,Use and Care Guide,https://www.subzero-wolf.com/wolf/ranges/induction-range/36-inch-transitional-induction-range,https://www.subzero-wolf.com/trade-resources/product-specifications/product-specifications-detail/-/media/images/united-states/dynamic-images/ir36550-s-t/ir36550-s-.png,"Sub-Zero, Wolf, and Cove | Kitchen Appliances that Inspire",wolf
PRO4850,,Sub-Zero,"48"" PRO Refrigerator/Freezer",,en,https://www.subzero-wolf.com//-/media/files/united-states/product-downloads/sub-zero-wolf/use-and-care/sub-zero/pro-ucg.pdf,Use and Care Guide,https://www.subzero-wolf.com/sub-zero/full-size-refrigeration/refrigeration/pro4850,https://www.subzero-wolf.com/trade-resources/product-specifications/product-specifications-detail/-/media/images/united-states/dynamic-images/pro4850/pro4850.png,"Sub-Zero, Wolf, and Cove | Kitchen Appliances that Inspire",sub-zero
PRO3650G,,Sub-Zero,"36"" PRO Refrigerator/Freezer with Glass Door",,en,https://www.subzero-wolf.com//-/media/files/united-states/product-downloads/sub-zero-wolf/use-and-care/sub-zero/pro-ucg.pdf,Use and Care Guide,https://www.subzero-wolf.com/sub-zero/full-size-refrigeration/refrigeration/pro3650g,https://www.subzero-wolf.com/trade-resources/product-specifications/product-specifications-detail/-/media/images/united-states/dynamic-images/pro3650g/pro3650g.png,"Sub-Zero, Wolf, and Cove | Kitchen Appliances that Inspire",sub-zero
GR366,,Wolf,"36"" Gas Range - 6 Burners",,en,https://www.subzero-wolf.com//-/media/files/united-states/product-downloads/sub-zero-wolf/use-and-care/wolf/granges-ucg.pdf,Use and Care Guide,https://www.subzero-wolf.com/wolf/ranges/gas-range/36-inch-gas-range-6-burners,https://www.subzero-wolf.com/trade-resources/product-specifications/product-specifications-detail/-/media/images/united-states/dynamically-generated-product-images/gr366/dynamic_gr366.png,"Sub-Zero, Wolf, and Cove | Kitchen Appliances that Inspire",wolf
CL4250UFDID/S,,Sub-Zero,"42"" Classic French Door Refrigerator/Freezer with Internal Dispenser",,en,https://www.subzero-wolf.com//-/media/files/united-states/product-downloads/sub-zero-wolf/use-and-care/sub-zero/classic_ucg.pdf,Use and Care Guide,https://www.subzero-wolf.com/sub-zero/full-size-refrigeration/builtin-refrigerators/42-inch-built-in-french-door-refrigerator-freezer-dispenser,https://www.subzero-wolf.com/trade-resources/product-specifications/product-specifications-detail/-/media/images/united-states/dynamic-images/cl4250ufdid-s/cl4250ufdi.png,"Sub-Zero, Wolf, and Cove | Kitchen Appliances that Inspire",sub-zero
DEC3650R,,Sub-Zero,"36"" Designer Column Refrigerator - Panel Ready",,en,https://www.subzero-wolf.com//-/media/files/united-states/product-downloads/sub-zero-wolf/use-and-care/sub-zero/designer-series-use-and-care-guide.pdf,Use and Care Guide,https://www.subzero-wolf.com/sub-zero/full-size-refrigeration/integrated-fridges/36-inch-integrated-column-refrigerator-panel-ready,https://www.subzero-wolf.com/trade-resources/product-specifications/product-specifications-detail/-/media/images/united-states/dynamic-images/dec3650r/dec3650r.png,"Sub-Zero, Wolf, and Cove | Kitchen Appliances that Inspire",sub-zero
ID-30R,,Sub-Zero,"30"" Designer Refrigerator Drawers - Panel Ready",,en,https://www.subzero-wolf.com//-/media/files/united-states/product-downloads/sub-zero-wolf/use-and-care/sub-zero/integrated-ucg.pdf,Use and Care Guide,https://www.subzero-wolf.com/sub-zero/counter-refrigerator/30-inch-refrigerator-drawers-panel-ready,https://www.subzero-wolf.com/trade-resources/product-specifications/product-specifications-detail/-/media/images/united-states/dynamically-generated-product-images/id-30r/dynamic_id-30r.png,"Sub-Zero, Wolf, and Cove | Kitchen Appliances that Inspire",sub-zero
DET3050FI,,Sub-Zero,"30"" Designer Over-and-Under Freezer with Ice Maker - Panel Ready",,en,https://www.subzero-wolf.com//-/media/files/united-states/product-downloads/sub-zero-wolf/use-and-care/sub-zero/designer-series-use-and-care-guide.pdf,Use and Care Guide,https://www.subzero-wolf.com/sub-zero/full-size-refrigeration/integrated-fridges/30-inch-integrated-over-under-freezer-ice-maker-panel-ready,https://www.subzero-wolf.com/trade-resources/product-specifications/product-specifications-detail/-/media/images/united-states/dynamic-images/det3050fi/det3050fi.png,"Sub-Zero, Wolf, and Cove | Kitchen Appliances that Inspire",sub-zero
DEC3650RID,,Sub-Zero,"36"" Designer Column Refrigerator with Internal Dispenser - Panel Ready",,en,https://www.subzero-wolf.com//-/media/files/united-states/product-downloads/sub-zero-wolf/use-and-care/sub-zero/designer-series-use-and-care-guide.pdf,Use and Care Guide,https://www.subzero-wolf.com/sub-zero/full-size-refrigeration/integrated-fridges/36-inch-integrated-column-refrigerator-internal-dispenser-panel-ready,https://www.subzero-wolf.com/trade-resources/product-specifications/product-specifications-detail/-/media/images/united-states/dynamic-images/dec3650rid/dec3650rid.png,"Sub-Zero, Wolf, and Cove | Kitchen Appliances that Inspire",sub-zero
PRO3650,,Sub-Zero,"36"" PRO Refrigerator/Freezer",,en,https://www.subzero-wolf.com//-/media/files/united-states/product-downloads/sub-zero-wolf/use-and-care/sub-zero/pro-ucg.pdf,Use and Care Guide,https://www.subzero-wolf.com/sub-zero/full-size-refrigeration/refrigeration/pro3650,https://www.subzero-wolf.com/trade-resources/product-specifications/product-specifications-detail/-/media/images/united-states/dynamic-images/pro3650/pro3650.png,"Sub-Zero, Wolf, and Cove | Kitchen Appliances that Inspire",sub-zero
ID-36R,,Sub-Zero,"36"" Designer Refrigerator Drawers - Panel Ready",,en,https://www.subzero-wolf.com//-/media/files/united-states/product-downloads/sub-zero-wolf/use-and-care/sub-zero/integrated-ucg.pdf,Use and Care Guide,https://www.subzero-wolf.com/sub-zero/counter-refrigerator/36-inch-refrigerator-drawers-panel-ready,https://www.subzero-wolf.com/trade-resources/product-specifications/product-specifications-detail/-/media/images/united-states/dynamically-generated-product-images/id-36r/dynamic_id-36r.png,"Sub-Zero, Wolf, and Cove | Kitchen Appliances that Inspire",sub-zero
GR304,,Wolf,"30"" Gas Range",,en,https://www.subzero-wolf.com//-/media/files/united-states/product-downloads/sub-zero-wolf/use-and-care/wolf/granges-ucg.pdf,Use and Care Guide,https://www.subzero-wolf.com/wolf/ranges/gas-range/30-inch-gas-range,https://www.subzero-wolf.com/trade-resources/product-specifications/product-specifications-detail/-/media/images/united-states/dynamically-generated-product-images/gr304/dynamic_gr304.png,"Sub-Zero, Wolf, and Cove | Kitchen Appliances that Inspire",wolf
ID-36CI,,Sub-Zero,"36"" Designer Refrigerator/Freezer Drawers with Ice Maker - Panel Ready",,en,https://www.subzero-wolf.com//-/media/files/united-states/product-downloads/sub-zero-wolf/use-and-care/sub-zero/integrated-ucg.pdf,Use and Care Guide,https://www.subzero-wolf.com/sub-zero/counter-refrigerator/36-inch-refrigerator-freezer-drawers-ice-maker-panel-ready,https://www.subzero-wolf.com/trade-resources/product-specifications/product-specifications-detail/-/media/images/united-states/dynamically-generated-product-images/id-36ci/dynamic_id-36ci.png,"Sub-Zero, Wolf, and Cove | Kitchen Appliances that Inspire",sub-zero
ID-24FI,,Sub-Zero,"24"" Designer Freezer Drawers with Ice Maker - Panel Ready",,en,https://www.subzero-wolf.com//-/media/files/united-states/product-downloads/sub-zero-wolf/use-and-care/sub-zero/integrated-ucg.pdf,Use and Care Guide,https://www.subzero-wolf.com/sub-zero/counter-refrigerator/24-inch-freezer-drawers-ice-maker-panel-ready,https://www.subzero-wolf.com/trade-resources/product-specifications/product-specifications-detail/-/media/images/united-states/dynamically-generated-product-images/id-24fi/dynamic_id-24fi.png,"Sub-Zero, Wolf, and Cove | Kitchen Appliances that Inspire",sub-zero
ID-36C,,Sub-Zero,"36"" Designer Refrigerator/Freezer Drawers - Panel Ready",,en,https://www.subzero-wolf.com//-/media/files/united-states/product-downloads/sub-zero-wolf/use-and-care/sub-zero/integrated-ucg.pdf,Use and Care Guide,https://www.subzero-wolf.com/sub-zero/counter-refrigerator/36-inch-refrigerator-freezer-drawers-panel-ready,https://www.subzero-wolf.com/trade-resources/product-specifications/product-specifications-detail/-/media/images/united-states/dynamically-generated-product-images/id-36c/dynamic_id-36c.png,"Sub-Zero, Wolf, and Cove | Kitchen Appliances that Inspire",sub-zero
ID-24R,,Sub-Zero,"24"" Designer Refrigerator Drawers - Panel Ready",,en,https://www.subzero-wolf.com//-/media/files/united-states/product-downloads/sub-zero-wolf/use-and-care/sub-zero/integrated-ucg.pdf,Use and Care Guide,https://www.subzero-wolf.com/sub-zero/counter-refrigerator/24-inch-refrigerator-drawers-panel-ready,https://www.subzero-wolf.com/trade-resources/product-specifications/product-specifications-detail/-/media/images/united-states/dynamically-generated-product-images/id-24r/dynamic_id-24r.png,"Sub-Zero, Wolf, and Cove | Kitchen Appliances that Inspire",sub-zero
ID-24F,,Sub-Zero,"24"" Designer Freezer Drawers - Panel Ready",,en,https://www.subzero-wolf.com//-/media/files/united-states/product-downloads/sub-zero-wolf/use-and-care/sub-zero/integrated-ucg.pdf,Use and Care Guide,https://www.subzero-wolf.com/sub-zero/counter-refrigerator/24-inch-freezer-drawers-panel-ready,https://www.subzero-wolf.com/trade-resources/product-specifications/product-specifications-detail/-/media/images/united-states/dynamically-generated-product-images/id-24f/dynamic_id-24f.png,"Sub-Zero, Wolf, and Cove | Kitchen Appliances that Inspire",sub-zero
UC-15IPO,,Sub-Zero,"15"" Outdoor Ice Maker with Pump - Panel Ready",,en,https://www.subzero-wolf.com//-/media/files/united-states/product-downloads/sub-zero-wolf/use-and-care/sub-zero/uc-15i-ucg.pdf,Use and Care Guide,https://www.subzero-wolf.com/sub-zero/counter-refrigerator/15-inch-outdoor-ice-maker-with-pump-panel-ready,https://www.subzero-wolf.com/trade-resources/product-specifications/product-specifications-detail/-/media/images/united-states/dynamic-images/uc-15io/uc-15io.png,"Sub-Zero, Wolf, and Cove | Kitchen Appliances that Inspire",sub-zero
ID-30CI,,Sub-Zero,"30"" Designer Refrigerator/Freezer Drawers with Ice Maker - Panel Ready",,en,https://www.subzero-wolf.com//-/media/files/united-states/product-downloads/sub-zero-wolf/use-and-care/sub-zero/integrated-ucg.pdf,Use and Care Guide,https://www.subzero-wolf.com/sub-zero/counter-refrigerator/30-inch-refrigerator-freezer-drawers-ice-maker-panel-ready,https://www.subzero-wolf.com/trade-resources/product-specifications/product-specifications-detail/-/media/images/united-states/dynamically-generated-product-images/id-30ci/dynamic_id-30ci.png,"Sub-Zero, Wolf, and Cove | Kitchen Appliances that Inspire",sub-zero
ID-30C,,Sub-Zero,"30"" Designer Refrigerator/Freezer Drawers - Panel Ready",,en,https://www.subzero-wolf.com//-/media/files/united-states/product-downloads/sub-zero-wolf/use-and-care/sub-zero/integrated-ucg.pdf,Use and Care Guide,https://www.subzero-wolf.com/sub-zero/counter-refrigerator/30-inch-refrigerator-freezer-drawers-panel-ready,https://www.subzero-wolf.com/trade-resources/product-specifications/product-specifications-detail/-/media/images/united-states/dynamically-generated-product-images/id-30c/dynamic_id-30c.png,"Sub-Zero, Wolf, and Cove | Kitchen Appliances that Inspire",sub-zero
ID-30FI,,Sub-Zero,"30"" Designer Freezer Drawers with Ice Maker - Panel Ready",,en,https://www.subzero-wolf.com//-/media/files/united-states/product-downloads/sub-zero-wolf/use-and-care/sub-zero/integrated-ucg.pdf,Use and Care Guide,https://www.subzero-wolf.com/sub-zero/counter-refrigerator/30-inch-freezer-drawers-ice-maker-panel-ready,https://www.subzero-wolf.com/trade-resources/product-specifications/product-specifications-detail/-/media/images/united-states/dynamically-generated-product-images/id-30fi/dynamic_id-30fi.png,"Sub-Zero, Wolf, and Cove | Kitchen Appliances that Inspire",sub-zero
DEC3050FI,,Sub-Zero,"30"" Designer Column Freezer with Ice Maker - Panel Ready",,en,https://www.subzero-wolf.com//-/media/files/united-states/product-downloads/sub-zero-wolf/use-and-care/sub-zero/designer-series-use-and-care-guide.pdf,Use and Care Guide,https://www.subzero-wolf.com/sub-zero/full-size-refrigeration/integrated-fridges/30-inch-integrated-column-freezer-ice-maker-panel-ready,https://www.subzero-wolf.com/trade-resources/product-specifications/product-specifications-detail/-/media/images/united-states/dynamic-images/dec3050fi/dec3050fi.png,"Sub-Zero, Wolf, and Cove | Kitchen Appliances that Inspire",sub-zero
DEC3050R,,Sub-Zero,"30"" Designer Column Refrigerator - Panel Ready",,en,https://www.subzero-wolf.com//-/media/files/united-states/product-downloads/sub-zero-wolf/use-and-care/sub-zero/designer-series-use-and-care-guide.pdf,Use and Care Guide,https://www.subzero-wolf.com/sub-zero/full-size-refrigeration/integrated-fridges/30-inch-integrated-column-refrigerator-panel-ready,https://www.subzero-wolf.com/trade-resources/product-specifications/product-specifications-detail/-/media/images/united-states/dynamic-images/dec3050r/dec3050r.png,"Sub-Zero, Wolf, and Cove | Kitchen Appliances that Inspire",sub-zero
ID-27R,,Sub-Zero,"27"" Designer Refrigerator Drawers - Panel Ready",,en,https://www.subzero-wolf.com//-/media/files/united-states/product-downloads/sub-zero-wolf/use-and-care/sub-zero/integrated-ucg.pdf,Use and Care Guide,https://www.subzero-wolf.com/sub-zero/counter-refrigerator/27-inch-refrigerator-drawers-panel-ready,https://www.subzero-wolf.com/trade-resources/product-specifications/product-specifications-detail/-/media/images/united-states/dynamically-generated-product-images/id-27r/dynamic_id-27r.png,"Sub-Zero, Wolf, and Cove | Kitchen Appliances that Inspire",sub-zero
DEC2450FI,,Sub-Zero,"24"" Designer Column Freezer with Ice Maker - Panel Ready",,en,https://www.subzero-wolf.com//-/media/files/united-states/product-downloads/sub-zero-wolf/use-and-care/sub-zero/designer-series-use-and-care-guide.pdf,Use and Care Guide,https://www.subzero-wolf.com/sub-zero/full-size-refrigeration/integrated-fridges/24-inch-integrated-column-freezer-ice-maker-panel-ready,https://www.subzero-wolf.com/trade-resources/product-specifications/product-specifications-detail/-/media/images/united-states/dynamic-images/dec2450fi/dec2450fi.png,"Sub-Zero, Wolf, and Cove | Kitchen Appliances that Inspire",sub-zero
CL3650RID/O,,Sub-Zero,"36"" Classic Refrigerator with Internal Dispenser - Panel Ready",,en,https://www.subzero-wolf.com//-/media/files/united-states/product-downloads/sub-zero-wolf/use-and-care/sub-zero/classic_ucg.pdf,Use and Care Guide,https://www.subzero-wolf.com/sub-zero/full-size-refrigeration/builtin-refrigerators/36-inch-built-in-refrigerator-dispenser-panel-ready,https://www.subzero-wolf.com/trade-resources/product-specifications/product-specifications-detail/-/media/images/united-states/dynamic-images/cl3650rid-o/cl3650rid-.png,"Sub-Zero, Wolf, and Cove | Kitchen Appliances that Inspire",sub-zero
DEC3050RID,,Sub-Zero,"30"" Designer Column Refrigerator with Internal Dispenser - Panel Ready",,en,https://www.subzero-wolf.com//-/media/files/united-states/product-downloads/sub-zero-wolf/use-and-care/sub-zero/designer-series-use-and-care-guide.pdf,Use and Care Guide,https://www.subzero-wolf.com/sub-zero/full-size-refrigeration/integrated-fridges/30-inch-integrated-column-refrigerator-internal-dispenser-panel-ready,https://www.subzero-wolf.com/trade-resources/product-specifications/product-specifications-detail/-/media/images/united-states/dynamic-images/dec3050rid/dec3050rid.png,"Sub-Zero, Wolf, and Cove | Kitchen Appliances that Inspire",sub-zero
CL3650UFDID/O,,Sub-Zero,"36"" Classic French Door Refrigerator/Freezer with Internal Dispenser - Panel Ready",,en,https://www.subzero-wolf.com//-/media/files/united-states/product-downloads/sub-zero-wolf/use-and-care/sub-zero/classic_ucg.pdf,Use and Care Guide,https://www.subzero-wolf.com/sub-zero/full-size-refrigeration/builtin-refrigerators/36-inch-built-in-french-door-refrigerator-freezer-dispenser-panel-ready,https://www.subzero-wolf.com/trade-resources/product-specifications/product-specifications-detail/-/media/images/united-states/dynamic-images/cl3650ufdid-o/cl3650ufdi.png,"Sub-Zero, Wolf, and Cove | Kitchen Appliances that Inspire",sub-zero
DEC2450R,,Sub-Zero,"24"" Designer Column Refrigerator - Panel Ready",,en,https://www.subzero-wolf.com//-/media/files/united-states/product-downloads/sub-zero-wolf/use-and-care/sub-zero/designer-series-use-and-care-guide.pdf,Use and Care Guide,https://www.subzero-wolf.com/sub-zero/full-size-refrigeration/integrated-fridges/24-inch-integrated-column-refrigerator-panel-ready,https://www.subzero-wolf.com/trade-resources/product-specifications/product-specifications-detail/-/media/images/united-states/dynamic-images/dec2450r/dec2450r.png,"Sub-Zero, Wolf, and Cove | Kitchen Appliances that Inspire",sub-zero
CL4250UFDID/O,,Sub-Zero,"42"" Classic French Door Refrigerator/Freezer with Internal Dispenser - Panel Ready",,en,https://www.subzero-wolf.com//-/media/files/united-states/product-downloads/sub-zero-wolf/use-and-care/sub-zero/classic_ucg.pdf,Use and Care Guide,https://www.subzero-wolf.com/sub-zero/full-size-refrigeration/builtin-refrigerators/42-inch-built-in-french-door-refrigerator-freezer-dispenser-panel-ready,https://www.subzero-wolf.com/trade-resources/product-specifications/product-specifications-detail/-/media/images/united-states/dynamic-images/cl4250ufdid-o/cl4250ufdi.png,"Sub-Zero, Wolf, and Cove | Kitchen Appliances that Inspire",sub-zero
CL4250S/O,,Sub-Zero,"42"" Classic Side-by-Side Refrigerator/Freezer - Panel Ready",,en,https://www.subzero-wolf.com//-/media/files/united-states/product-downloads/sub-zero-wolf/use-and-care/sub-zero/classic_ucg.pdf,Use and Care Guide,https://www.subzero-wolf.com/sub-zero/full-size-refrigeration/builtin-refrigerators/42-inch-built-in-side-by-side-refrigerator-freezer-panel-ready,https://www.subzero-wolf.com/trade-resources/product-specifications/product-specifications-detail/-/media/images/united-states/dynamic-images/cl4250s-o/cl4250s-o.png,"Sub-Zero, Wolf, and Cove | Kitchen Appliances that Inspire",sub-zero
CL4250SD/O,,Sub-Zero,"42"" Classic Side-by-Side Refrigerator/Freezer with Dispenser - Panel Ready",,en,https://www.subzero-wolf.com//-/media/files/united-states/product-downloads/sub-zero-wolf/use-and-care/sub-zero/classic_ucg.pdf,Use and Care Guide,https://www.subzero-wolf.com/sub-zero/full-size-refrigeration/builtin-refrigerators/42-inch-built-in-side-by-side-refrigerator-freezer-dispenser-panel-ready,https://www.subzero-wolf.com/trade-resources/product-specifications/product-specifications-detail/-/media/images/united-states/dynamic-images/cl4250sd-o/cl4250sd-o.png,"Sub-Zero, Wolf, and Cove | Kitchen Appliances that Inspire",sub-zero
CL4250SID/O,,Sub-Zero,"42"" Classic Side-by-Side Refrigerator/Freezer with Internal Dispenser - Panel Ready",,en,https://www.subzero-wolf.com//-/media/files/united-states/product-downloads/sub-zero-wolf/use-and-care/sub-zero/classic_ucg.pdf,Use and Care Guide,https://www.subzero-wolf.com/sub-zero/full-size-refrigeration/builtin-refrigerators/42-inch-built-in-side-by-side-refrigerator-freezer-internal-dispenser-panel-ready,https://www.subzero-wolf.com/trade-resources/product-specifications/product-specifications-detail/-/media/images/united-states/dynamic-images/cl4250sid-o/cl4250sid-.png,"Sub-Zero, Wolf, and Cove | Kitchen Appliances that Inspire",sub-zero
CL4250UFD/O,,Sub-Zero,"42"" Classic French Door Refrigerator/Freezer - Panel Ready",,en,https://www.subzero-wolf.com//-/media/files/united-states/product-downloads/sub-zero-wolf/use-and-care/sub-zero/classic_ucg.pdf,Use and Care Guide,https://www.subzero-wolf.com/sub-zero/full-size-refrigeration/builtin-refrigerators/42-inch-built-in-french-door-refrigerator-freezer-panel-ready,https://www.subzero-wolf.com/trade-resources/product-specifications/product-specifications-detail/-/media/images/united-states/dynamic-images/cl4250ufd-o/cl4250ufd-.png,"Sub-Zero, Wolf, and Cove | Kitchen Appliances that Inspire",sub-zero
CL4850SD/O,,Sub-Zero,"48"" Classic Side-by-Side Refrigerator/Freezer with Dispenser - Panel Ready",,en,https://www.subzero-wolf.com//-/media/files/united-states/product-downloads/sub-zero-wolf/use-and-care/sub-zero/classic_ucg.pdf,Use and Care Guide,https://www.subzero-wolf.com/sub-zero/full-size-refrigeration/builtin-refrigerators/48-inch-built-in-side-by-side-refrigerator-freezer-dispenser-panel-ready,https://www.subzero-wolf.com/trade-resources/product-specifications/product-specifications-detail/-/media/images/united-states/dynamic-images/cl4850sd-o/cl4850sd-o.png,"Sub-Zero, Wolf, and Cove | Kitchen Appliances that Inspire",sub-zero
CL4850UFDID/O,,Sub-Zero,"48"" Classic French Door Refrigerator/Freezer with Internal Dispenser - Panel Ready",,en,https://www.subzero-wolf.com//-/media/files/united-states/product-downloads/sub-zero-wolf/use-and-care/sub-zero/classic_ucg.pdf,Use and Care Guide,https://www.subzero-wolf.com/sub-zero/full-size-refrigeration/builtin-refrigerators/48-inch-built-in-french-door-refrigerator-freezer-dispenser-panel-ready,https://www.subzero-wolf.com/trade-resources/product-specifications/product-specifications-detail/-/media/images/united-states/dynamic-images/cl4850ufdid-o/cl4850ufdi.png,"Sub-Zero, Wolf, and Cove | Kitchen Appliances that Inspire",sub-zero
CL4850SID/O,,Sub-Zero,"48"" Classic Side-by-Side Refrigerator/Freezer with Internal Dispenser - Panel Ready",,en,https://www.subzero-wolf.com//-/media/files/united-states/product-downloads/sub-zero-wolf/use-and-care/sub-zero/classic_ucg.pdf,Use and Care Guide,https://www.subzero-wolf.com/sub-zero/full-size-refrigeration/builtin-refrigerators/48-inch-built-in-side-by-side-refrigerator-freezer-internal-dispenser-panel-ready,https://www.subzero-wolf.com/trade-resources/product-specifications/product-specifications-detail/-/media/images/united-states/dynamic-images/cl4850sid-o/cl4850sid-.png,"Sub-Zero, Wolf, and Cove | Kitchen Appliances that Inspire",sub-zero
CL3650R/O,,Sub-Zero,"36"" Classic Refrigerator - Panel Ready",,en,https://www.subzero-wolf.com//-/media/files/united-states/product-downloads/sub-zero-wolf/use-and-care/sub-zero/classic_ucg.pdf,Use and Care Guide,https://www.subzero-wolf.com/sub-zero/full-size-refrigeration/builtin-refrigerators/36-inch-built-in-refrigerator-panel-ready,https://www.subzero-wolf.com/trade-resources/product-specifications/product-specifications-detail/-/media/images/united-states/dynamic-images/cl3650r-o/cl3650r-o.png,"Sub-Zero, Wolf, and Cove | Kitchen Appliances that Inspire",sub-zero
CL4850S/O,,Sub-Zero,"48"" Classic Side-by-Side Refrigerator/Freezer - Panel Ready",,en,https://www.subzero-wolf.com//-/media/files/united-states/product-downloads/sub-zero-wolf/use-and-care/sub-zero/classic_ucg.pdf,Use and Care Guide,https://www.subzero-wolf.com/sub-zero/full-size-refrigeration/builtin-refrigerators/48-inch-built-in-side-by-side-refrigerator-freezer-panel-ready,https://www.subzero-wolf.com/trade-resources/product-specifications/product-specifications-detail/-/media/images/united-states/dynamic-images/cl4850s-o/cl4850s-o.png,"Sub-Zero, Wolf, and Cove | Kitchen Appliances that Inspire",sub-zero
CL3650UID/O,,Sub-Zero,"36"" Classic Over-and-Under Refrigerator/Freezer with Internal Dispenser - Panel Ready",,en,https://www.subzero-wolf.com//-/media/files/united-states/product-downloads/sub-zero-wolf/use-and-care/sub-zero/classic_ucg.pdf,Use and Care Guide,https://www.subzero-wolf.com/sub-zero/full-size-refrigeration/builtin-refrigerators/36-inch-built-in-over-under-refrigerator-freezer-dispenser-panel-ready,https://www.subzero-wolf.com/trade-resources/product-specifications/product-specifications-detail/-/media/images/united-states/dynamic-images/cl3650uid-o/cl3650uid-.png,"Sub-Zero, Wolf, and Cove | Kitchen Appliances that Inspire",sub-zero
CL3650U/O,,Sub-Zero,"36"" Classic Over-and-Under Refrigerator/Freezer - Panel Ready",,en,https://www.subzero-wolf.com//-/media/files/united-states/product-downloads/sub-zero-wolf/use-and-care/sub-zero/classic_ucg.pdf,Use and Care Guide,https://www.subzero-wolf.com/sub-zero/full-size-refrigeration/builtin-refrigerators/36-inch-built-in-over-under-refrigerator-freezer-panel-ready,https://www.subzero-wolf.com/trade-resources/product-specifications/product-specifications-detail/-/media/images/united-states/dynamic-images/cl3650u-o/cl3650u-o.png,"Sub-Zero, Wolf, and Cove | Kitchen Appliances that Inspire",sub-zero
CL3050UID/O,,Sub-Zero,"30"" Classic Over-and-Under Refrigerator/Freezer with Internal Dispenser - Panel Ready",,en,https://www.subzero-wolf.com//-/media/files/united-states/product-downloads/sub-zero-wolf/use-and-care/sub-zero/classic_ucg.pdf,Use and Care Guide,https://www.subzero-wolf.com/sub-zero/full-size-refrigeration/builtin-refrigerators/30-inch-built-in-over-under-refrigerator-freezer-dispenser-panel-ready,https://www.subzero-wolf.com/trade-resources/product-specifications/product-specifications-detail/-/media/images/united-states/dynamic-images/cl3050uid-o/cl3050uid-.png,"Sub-Zero, Wolf, and Cove | Kitchen Appliances that Inspire",sub-zero
CL3650F/O,,Sub-Zero,"36"" Classic Freezer - Panel Ready",,en,https://www.subzero-wolf.com//-/media/files/united-states/product-downloads/sub-zero-wolf/use-and-care/sub-zero/classic_ucg.pdf,Use and Care Guide,https://www.subzero-wolf.com/sub-zero/full-size-refrigeration/builtin-refrigerators/36-inch-built-in-freezer-panel-ready,https://www.subzero-wolf.com/trade-resources/product-specifications/product-specifications-detail/-/media/images/united-states/dynamic-images/cl3650f-o/cl3650f-o.png,"Sub-Zero, Wolf, and Cove | Kitchen Appliances that Inspire",sub-zero
CL3050UG/O,,Sub-Zero,"30"" Classic Over-and-Under Refrigerator/Freezer with Glass Door - Panel Ready",,en,https://www.subzero-wolf.com//-/media/files/united-states/product-downloads/sub-zero-wolf/use-and-care/sub-zero/classic_ucg.pdf,Use and Care Guide,https://www.subzero-wolf.com/sub-zero/full-size-refrigeration/builtin-refrigerators/30-inch-built-in-over-under-glass-door-refrigerator-freezer-panel-ready,https://www.subzero-wolf.com/trade-resources/product-specifications/product-specifications-detail/-/media/images/united-states/dynamic-images/cl3050ug-o/cl3050ug-o.png,"Sub-Zero, Wolf, and Cove | Kitchen Appliances that Inspire",sub-zero
CL3650RG/O,,Sub-Zero,"36"" Classic Refrigerator with Glass Door - Panel Ready",,en,https://www.subzero-wolf.com//-/media/files/united-states/product-downloads/sub-zero-wolf/use-and-care/sub-zero/classic_ucg.pdf,Use and Care Guide,https://www.subzero-wolf.com/sub-zero/full-size-refrigeration/builtin-refrigerators/36-inch-built-in-glass-door-refrigerator-panel-ready,https://www.subzero-wolf.com/trade-resources/product-specifications/product-specifications-detail/-/media/images/united-states/dynamic-images/cl3650rg-o/cl3650rg-o.png,"Sub-Zero, Wolf, and Cove | Kitchen Appliances that Inspire",sub-zero
CL3650UFD/O,,Sub-Zero,"36"" Classic French Door Refrigerator/Freezer - Panel Ready",,en,https://www.subzero-wolf.com//-/media/files/united-states/product-downloads/sub-zero-wolf/use-and-care/sub-zero/classic_ucg.pdf,Use and Care Guide,https://www.subzero-wolf.com/sub-zero/full-size-refrigeration/builtin-refrigerators/36-inch-built-in-french-door-refrigerator-freezer-panel-ready,https://www.subzero-wolf.com/trade-resources/product-specifications/product-specifications-detail/-/media/images/united-states/dynamic-images/cl3650ufd-o/cl3650ufd-.png,"Sub-Zero, Wolf, and Cove | Kitchen Appliances that Inspire",sub-zero
DET3050CI,,Sub-Zero,"30"" Designer Over-and-Under Refrigerator/Freezer with Ice Maker - Panel Ready",,en,https://www.subzero-wolf.com//-/media/files/united-states/product-downloads/sub-zero-wolf/use-and-care/sub-zero/designer-series-use-and-care-guide.pdf,Use and Care Guide,https://www.subzero-wolf.com/sub-zero/full-size-refrigeration/integrated-fridges/30-inch-integrated-over-under-refrigerator-freezer-panel-ready,https://www.subzero-wolf.com/trade-resources/product-specifications/product-specifications-detail/-/media/images/united-states/dynamic-images/det3050ci/det3050ci.png,"Sub-Zero, Wolf, and Cove | Kitchen Appliances that Inspire",sub-zero
DEC3650FI,,Sub-Zero,"36"" Designer Column Freezer with Ice Maker - Panel Ready",,en,https://www.subzero-wolf.com//-/media/files/united-states/product-downloads/sub-zero-wolf/use-and-care/sub-zero/designer-series-use-and-care-guide.pdf,Use and Care Guide,https://www.subzero-wolf.com/sub-zero/full-size-refrigeration/integrated-fridges/36-inch-integrated-column-freezer-ice-maker-panel-ready,https://www.subzero-wolf.com/trade-resources/product-specifications/product-specifications-detail/-/media/images/united-states/dynamic-images/dec3650fi/dec3650fi.png,"Sub-Zero, Wolf, and Cove | Kitchen Appliances that Inspire",sub-zero
DET3650RID,,Sub-Zero,"36"" Designer Over-and-Under Refrigerator Internal Dispenser - Panel Ready",,en,https://www.subzero-wolf.com//-/media/files/united-states/product-downloads/sub-zero-wolf/use-and-care/sub-zero/designer-series-use-and-care-guide.pdf,Use and Care Guide,https://www.subzero-wolf.com/sub-zero/full-size-refrigeration/integrated-fridges/36-inch-integrated-over-under-refrigerator-internal-dispenser-panel-ready,https://www.subzero-wolf.com/trade-resources/product-specifications/product-specifications-detail/-/media/images/united-states/dynamic-images/det3650rid/det3650rid.png,"Sub-Zero, Wolf, and Cove | Kitchen Appliances that Inspire",sub-zero
DEC1850FI,,Sub-Zero,"18"" Designer Column Freezer with Ice Maker - Panel Ready",,en,https://www.subzero-wolf.com//-/media/files/united-states/product-downloads/sub-zero-wolf/use-and-care/sub-zero/designer-series-use-and-care-guide.pdf,Use and Care Guide,https://www.subzero-wolf.com/sub-zero/full-size-refrigeration/integrated-fridges/18-inch-integrated-column-freezer-ice-maker-panel-ready,https://www.subzero-wolf.com/trade-resources/product-specifications/product-specifications-detail/-/media/images/united-states/dynamic-images/dec1850fi/dec1850fi.png,"Sub-Zero, Wolf, and Cove | Kitchen Appliances that Inspire",sub-zero
DET3050RID,,Sub-Zero,"30"" Designer Over-and-Under Refrigerator with Internal Dispenser - Panel Ready",,en,https://www.subzero-wolf.com//-/media/files/united-states/product-downloads/sub-zero-wolf/use-and-care/sub-zero/designer-series-use-and-care-guide.pdf,Use and Care Guide,https://www.subzero-wolf.com/sub-zero/full-size-refrigeration/integrated-fridges/30-inch-integrated-over-under-refrigerator-internal-dispenser-panel-ready,https://www.subzero-wolf.com/trade-resources/product-specifications/product-specifications-detail/-/media/images/united-states/dynamic-images/det3050rid/det3050rid.png,"Sub-Zero, Wolf, and Cove | Kitchen Appliances that Inspire",sub-zero
DET3650CI,,Sub-Zero,"36"" Designer Over-and-Under Refrigerator/Freezer with Ice Maker - Panel Ready",,en,https://www.subzero-wolf.com//-/media/files/united-states/product-downloads/sub-zero-wolf/use-and-care/sub-zero/designer-series-use-and-care-guide.pdf,Use and Care Guide,https://www.subzero-wolf.com/sub-zero/full-size-refrigeration/integrated-fridges/36-inch-integrated-over-under-refrigerator-freezer-ice-maker-panel-ready,https://www.subzero-wolf.com/trade-resources/product-specifications/product-specifications-detail/-/media/images/united-states/dynamic-images/det3650ci/det3650ci.png,"Sub-Zero, Wolf, and Cove | Kitchen Appliances that Inspire",sub-zero
DET3650R,,Sub-Zero,"36"" Designer Over-and-Under Refrigerator - Panel Ready",,en,https://www.subzero-wolf.com//-/media/files/united-states/product-downloads/sub-zero-wolf/use-and-care/sub-zero/designer-series-use-and-care-guide.pdf,Use and Care Guide,https://www.subzero-wolf.com/sub-zero/full-size-refrigeration/integrated-fridges/36-inch-integrated-over-under-refrigerator-panel-ready,https://www.subzero-wolf.com/trade-resources/product-specifications/product-specifications-detail/-/media/images/united-states/dynamic-images/det3650r/det3650r.png,"Sub-Zero, Wolf, and Cove | Kitchen Appliances that Inspire",sub-zero
CL3650UFDID/S,,Sub-Zero,"36"" Classic French Door Refrigerator/Freezer with Internal Dispenser",,en,https://www.subzero-wolf.com//-/media/files/united-states/product-downloads/sub-zero-wolf/use-and-care/sub-zero/classic_ucg.pdf,Use and Care Guide,https://www.subzero-wolf.com/sub-zero/full-size-refrigeration/builtin-refrigerators/36-inch-built-in-french-door-refrigerator-freezer-dispenser,https://www.subzero-wolf.com/trade-resources/product-specifications/product-specifications-detail/-/media/images/united-states/dynamic-images/cl3650ufdid-s/cl3650ufdi.png,"Sub-Zero, Wolf, and Cove | Kitchen Appliances that Inspire",sub-zero
DET3050R,,Sub-Zero,"30"" Designer Over-and-Under Refrigerator - Panel Ready",,en,https://www.subzero-wolf.com//-/media/files/united-states/product-downloads/sub-zero-wolf/use-and-care/sub-zero/designer-series-use-and-care-guide.pdf,Use and Care Guide,https://www.subzero-wolf.com/sub-zero/full-size-refrigeration/integrated-fridges/30-inch-integrated-over-under-refrigerator-panel-ready,https://www.subzero-wolf.com/trade-resources/product-specifications/product-specifications-detail/-/media/images/united-states/dynamic-images/det3050r/det3050r.png,"Sub-Zero, Wolf, and Cove | Kitchen Appliances that Inspire",sub-zero
CL3650RID/S,,Sub-Zero,"36"" Classic Refrigerator with Internal Dispenser",,en,https://www.subzero-wolf.com//-/media/files/united-states/product-downloads/sub-zero-wolf/use-and-care/sub-zero/classic_ucg.pdf,Use and Care Guide,https://www.subzero-wolf.com/sub-zero/full-size-refrigeration/builtin-refrigerators/36-inch-built-in-refrigerator-dispenser,https://www.subzero-wolf.com/trade-resources/product-specifications/product-specifications-detail/-/media/images/united-states/dynamic-images/cl3650rid-s/cl3650rid-.png,"Sub-Zero, Wolf, and Cove | Kitchen Appliances that Inspire",sub-zero
CL4850UFD/S,,Sub-Zero,"48"" Classic French Door Refrigerator/Freezer",,en,https://www.subzero-wolf.com//-/media/files/united-states/product-downloads/sub-zero-wolf/use-and-care/sub-zero/classic_ucg.pdf,Use and Care Guide,https://www.subzero-wolf.com/sub-zero/full-size-refrigeration/builtin-refrigerators/48-inch-built-in-french-door-refrigerator-freezer,https://www.subzero-wolf.com/trade-resources/product-specifications/product-specifications-detail/-/media/images/united-states/dynamic-images/cl4850ufd-s/cl4850ufd-.png,"Sub-Zero, Wolf, and Cove | Kitchen Appliances that Inspire",sub-zero
CL3650UG/S,,Sub-Zero,"36"" Classic Over-and-Under Refrigerator/Freezer with Glass Door",,en,https://www.subzero-wolf.com//-/media/files/united-states/product-downloads/sub-zero-wolf/use-and-care/sub-zero/classic_ucg.pdf,Use and Care Guide,https://www.subzero-wolf.com/sub-zero/full-size-refrigeration/builtin-refrigerators/36-inch-built-in-over-under-glass-door-refrigerator-freezer,https://www.subzero-wolf.com/trade-resources/product-specifications/product-specifications-detail/-/media/images/united-states/dynamic-images/cl3650ug-s/cl3650ug-s.png,"Sub-Zero, Wolf, and Cove | Kitchen Appliances that Inspire",sub-zero
CL4250UFD/S,,Sub-Zero,"42"" Classic French Door Refrigerator/Freezer",,en,https://www.subzero-wolf.com//-/media/files/united-states/product-downloads/sub-zero-wolf/use-and-care/sub-zero/classic_ucg.pdf,Use and Care Guide,https://www.subzero-wolf.com/sub-zero/full-size-refrigeration/builtin-refrigerators/42-inch-built-in-french-door-refrigerator-freezer,https://www.subzero-wolf.com/trade-resources/product-specifications/product-specifications-detail/-/media/images/united-states/dynamic-images/cl4250ufd-s/cl4250ufd-.png,"Sub-Zero, Wolf, and Cove | Kitchen Appliances that Inspire",sub-zero
CL4850SD/S,,Sub-Zero,"48"" Classic Side-by-Side Refrigerator/Freezer with Dispenser",,en,https://www.subzero-wolf.com//-/media/files/united-states/product-downloads/sub-zero-wolf/use-and-care/sub-zero/classic_ucg.pdf,Use and Care Guide,https://www.subzero-wolf.com/sub-zero/full-size-refrigeration/builtin-refrigerators/48-inch-built-in-side-by-side-refrigerator-freezer-dispenser,https://www.subzero-wolf.com/trade-resources/product-specifications/product-specifications-detail/-/media/images/united-states/dynamic-images/cl4850sd-s/cl4850sd-s.png,"Sub-Zero, Wolf, and Cove | Kitchen Appliances that Inspire",sub-zero
CL4250S/S,,Sub-Zero,"42"" Classic Side-by-Side Refrigerator/Freezer",,en,https://www.subzero-wolf.com//-/media/files/united-states/product-downloads/sub-zero-wolf/use-and-care/sub-zero/classic_ucg.pdf,Use and Care Guide,https://www.subzero-wolf.com/sub-zero/full-size-refrigeration/builtin-refrigerators/42-inch-built-in-side-by-side-refrigerator-freezer,https://www.subzero-wolf.com/trade-resources/product-specifications/product-specifications-detail/-/media/images/united-states/dynamic-images/cl4250s-s/cl4250s-s.png,"Sub-Zero, Wolf, and Cove | Kitchen Appliances that Inspire",sub-zero
CL3650F/S,,Sub-Zero,"36"" Classic Freezer",,en,https://www.subzero-wolf.com//-/media/files/united-states/product-downloads/sub-zero-wolf/use-and-care/sub-zero/classic_ucg.pdf,Use and Care Guide,https://www.subzero-wolf.com/sub-zero/full-size-refrigeration/builtin-refrigerators/36-inch-built-in-freezer,https://www.subzero-wolf.com/trade-resources/product-specifications/product-specifications-detail/-/media/images/united-states/dynamic-images/cl3650f-s/cl3650f-s.png,"Sub-Zero, Wolf, and Cove | Kitchen Appliances that Inspire",sub-zero
CL3050U/S,,Sub-Zero,"30"" Classic Over-and-Under Refrigerator/Freezer",,en,https://www.subzero-wolf.com//-/media/files/united-states/product-downloads/sub-zero-wolf/use-and-care/sub-zero/classic_ucg.pdf,Use and Care Guide,https://www.subzero-wolf.com/sub-zero/full-size-refrigeration/builtin-refrigerators/30-inch-built-in-over-under-refrigerator-freezer,https://www.subzero-wolf.com/trade-resources/product-specifications/product-specifications-detail/-/media/images/united-states/dynamic-images/cl3050u-s/cl3050u-s.png,"Sub-Zero, Wolf, and Cove | Kitchen Appliances that Inspire",sub-zero
CL3650UID/S,,Sub-Zero,"36"" Classic Over-and-Under Refrigerator/Freezer with Internal Dispenser",,en,https://www.subzero-wolf.com//-/media/files/united-states/product-downloads/sub-zero-wolf/use-and-care/sub-zero/classic_ucg.pdf,Use and Care Guide,https://www.subzero-wolf.com/sub-zero/full-size-refrigeration/builtin-refrigerators/36-inch-built-in-over-under-refrigerator-freezer-dispenser,https://www.subzero-wolf.com/trade-resources/product-specifications/product-specifications-detail/-/media/images/united-states/dynamic-images/cl3650uid-s/cl3650uid-.png,"Sub-Zero, Wolf, and Cove | Kitchen Appliances that Inspire",sub-zero
CL4250SD/S,,Sub-Zero,"42"" Classic Side-by-Side Refrigerator/Freezer with Dispenser",,en,https://www.subzero-wolf.com//-/media/files/united-states/product-downloads/sub-zero-wolf/use-and-care/sub-zero/classic_ucg.pdf,Use and Care Guide,https://www.subzero-wolf.com/sub-zero/full-size-refrigeration/builtin-refrigerators/42-inch-built-in-side-by-side-refrigerator-freezer-dispenser,https://www.subzero-wolf.com/trade-resources/product-specifications/product-specifications-detail/-/media/images/united-states/dynamic-images/cl4250sd-s/cl4250sd-s.png,"Sub-Zero, Wolf, and Cove | Kitchen Appliances that Inspire",sub-zero
CL4250SID/S,,Sub-Zero,"42"" Classic Side-by-Side Refrigerator/Freezer with Internal Dispenser",,en,https://www.subzero-wolf.com//-/media/files/united-states/product-downloads/sub-zero-wolf/use-and-care/sub-zero/classic_ucg.pdf,Use and Care Guide,https://www.subzero-wolf.com/sub-zero/full-size-refrigeration/builtin-refrigerators/42-inch-built-in-side-by-side-refrigerator-freezer-internal-dispenser,https://www.subzero-wolf.com/trade-resources/product-specifications/product-specifications-detail/-/media/images/united-states/dynamic-images/cl4250sid-s/cl4250sid-.png,"Sub-Zero, Wolf, and Cove | Kitchen Appliances that Inspire",sub-zero
CL3050UG/S,,Sub-Zero,"30"" Classic Over-and-Under Refrigerator/Freezer with Glass Door",,en,https://www.subzero-wolf.com//-/media/files/united-states/product-downloads/sub-zero-wolf/use-and-care/sub-zero/classic_ucg.pdf,Use and Care Guide,https://www.subzero-wolf.com/sub-zero/full-size-refrigeration/builtin-refrigerators/30-inch-built-in-over-under-glass-door-refrigerator-freezer,https://www.subzero-wolf.com/trade-resources/product-specifications/product-specifications-detail/-/media/images/united-states/dynamic-images/cl3050ug-s/cl3050ug-s.png,"Sub-Zero, Wolf, and Cove | Kitchen Appliances that Inspire",sub-zero
CL3650RG/S,,Sub-Zero,"36"" Classic Refrigerator with Glass Door",,en,https://www.subzero-wolf.com//-/media/files/united-states/product-downloads/sub-zero-wolf/use-and-care/sub-zero/classic_ucg.pdf,Use and Care Guide,https://www.subzero-wolf.com/sub-zero/full-size-refrigeration/builtin-refrigerators/36-inch-built-in-glass-door-refrigerator,https://www.subzero-wolf.com/trade-resources/product-specifications/product-specifications-detail/-/media/images/united-states/dynamic-images/cl3650rg-s/cl3650rg-s.png,"Sub-Zero, Wolf, and Cove | Kitchen Appliances that Inspire",sub-zero
CL3650U/S,,Sub-Zero,"36"" Classic Over-and-Under Refrigerator/Freezer",,en,https://www.subzero-wolf.com//-/media/files/united-states/product-downloads/sub-zero-wolf/use-and-care/sub-zero/classic_ucg.pdf,Use and Care Guide,https://www.subzero-wolf.com/sub-zero/full-size-refrigeration/builtin-refrigerators/36-inch-built-in-over-under-refrigerator-freezer,https://www.subzero-wolf.com/trade-resources/product-specifications/product-specifications-detail/-/media/images/united-states/dynamic-images/cl3650u-s/cl3650u-s.png,"Sub-Zero, Wolf, and Cove | Kitchen Appliances that Inspire",sub-zero
CL3650R/S,,Sub-Zero,"36"" Classic Refrigerator",,en,https://www.subzero-wolf.com//-/media/files/united-states/product-downloads/sub-zero-wolf/use-and-care/sub-zero/classic_ucg.pdf,Use and Care Guide,https://www.subzero-wolf.com/sub-zero/full-size-refrigeration/builtin-refrigerators/36-inch-built-in-refrigerator,https://www.subzero-wolf.com/trade-resources/product-specifications/product-specifications-detail/-/media/images/united-states/dynamic-images/cl3650r-s/cl3650r-s.png,"Sub-Zero, Wolf, and Cove | Kitchen Appliances that Inspire",sub-zero
CL3050UID/S,,Sub-Zero,"30"" Classic Over-and-Under Refrigerator/Freezer with Internal Dispenser",,en,https://www.subzero-wolf.com//-/media/files/united-states/product-downloads/sub-zero-wolf/use-and-care/sub-zero/classic_ucg.pdf,Use and Care Guide,https://www.subzero-wolf.com/sub-zero/full-size-refrigeration/builtin-refrigerators/30-inch-built-in-over-under-refrigerator-freezer-dispenser,https://www.subzero-wolf.com/trade-resources/product-specifications/product-specifications-detail/-/media/images/united-states/dynamic-images/cl3050uid-s/cl3050uid-.png,"Sub-Zero, Wolf, and Cove | Kitchen Appliances that Inspire",sub-zero
CL4850SID/S,,Sub-Zero,"48"" Classic Side-by-Side Refrigerator/Freezer with Internal Dispenser",,en,https://www.subzero-wolf.com//-/media/files/united-states/product-downloads/sub-zero-wolf/use-and-care/sub-zero/classic_ucg.pdf,Use and Care Guide,https://www.subzero-wolf.com/sub-zero/full-size-refrigeration/builtin-refrigerators/48-inch-built-in-side-by-side-refrigerator-freezer-internal-dispenser,https://www.subzero-wolf.com/trade-resources/product-specifications/product-specifications-detail/-/media/images/united-states/dynamic-images/cl4850sid-s/cl4850sid-.png,"Sub-Zero, Wolf, and Cove | Kitchen Appliances that Inspire",sub-zero
DEU2450W/ADA,,Sub-Zero,"24"" Designer Undercounter ADA Height Wine Storage - Panel Ready",,en,https://www.subzero-wolf.com//-/media/files/united-states/product-downloads/sub-zero-wolf/use-and-care/sub-zero/deuwine_ucg.pdf,Use and Care Guide,https://www.subzero-wolf.com/sub-zero/wine-cooler/24-designer-undercounter-ada-height-wine-storage-panel-ready,https://www.subzero-wolf.com/trade-resources/product-specifications/product-specifications-detail/-/media/images/united-states/dynamic-images/deu2450w-ada/deu2450w-a.png,"Sub-Zero, Wolf, and Cove | Kitchen Appliances that Inspire",sub-zero
CL4850UFDID/S,,Sub-Zero,"48"" Classic French Door Refrigerator/Freezer with Internal Dispenser",,en,https://www.subzero-wolf.com//-/media/files/united-states/product-downloads/sub-zero-wolf/use-and-care/sub-zero/classic_ucg.pdf,Use and Care Guide,https://www.subzero-wolf.com/sub-zero/full-size-refrigeration/builtin-refrigerators/48-inch-built-in-french-door-refrigerator-freezer-dispenser,https://www.subzero-wolf.com/trade-resources/product-specifications/product-specifications-detail/-/media/images/united-states/dynamic-images/cl4850ufdid-s/cl4850ufdi.png,"Sub-Zero, Wolf, and Cove | Kitchen Appliances that Inspire",sub-zero
CL4850S/S,,Sub-Zero,"48"" Classic Side-by-Side Refrigerator/Freezer",,en,https://www.subzero-wolf.com//-/media/files/united-states/product-downloads/sub-zero-wolf/use-and-care/sub-zero/classic_ucg.pdf,Use and Care Guide,https://www.subzero-wolf.com/sub-zero/full-size-refrigeration/builtin-refrigerators/48-inch-built-in-side-by-side-refrigerator-freezer,https://www.subzero-wolf.com/trade-resources/product-specifications/product-specifications-detail/-/media/images/united-states/dynamic-images/cl4850s-s/cl4850s-s.png,"Sub-Zero, Wolf, and Cove | Kitchen Appliances that Inspire",sub-zero
DEC1850W,,Sub-Zero,"18"" Designer Wine Storage - Panel Ready",,en,https://www.subzero-wolf.com//-/media/files/united-states/product-downloads/sub-zero-wolf/use-and-care/sub-zero/designer-series-wine-use-and-care-guide.pdf,Use and Care Guide,https://www.subzero-wolf.com/sub-zero/wine-cooler/dec1850w,https://www.subzero-wolf.com/trade-resources/product-specifications/product-specifications-detail/-/media/images/united-states/dynamic-images/dec1850w/dec1850w.png,"Sub-Zero, Wolf, and Cove | Kitchen Appliances that Inspire",sub-zero
DEC3050W,,Sub-Zero,"30"" Designer Wine Storage - Panel Ready",,en,https://www.subzero-wolf.com//-/media/files/united-states/product-downloads/sub-zero-wolf/use-and-care/sub-zero/designer-series-wine-use-and-care-guide.pdf,Use and Care Guide,https://www.subzero-wolf.com/sub-zero/wine-cooler/dec3050w,https://www.subzero-wolf.com/trade-resources/product-specifications/product-specifications-detail/-/media/images/united-states/dynamic-images/dec3050w/dec3050w.png,"Sub-Zero, Wolf, and Cove | Kitchen Appliances that Inspire",sub-zero
DET3050WR,,Sub-Zero,"30"" Designer Wine Storage with Refrigerator Drawers - Panel Ready",,en,https://www.subzero-wolf.com//-/media/files/united-states/product-downloads/sub-zero-wolf/use-and-care/sub-zero/designer-series-wine-use-and-care-guide.pdf,Use and Care Guide,https://www.subzero-wolf.com/sub-zero/wine-cooler/det3050wr,https://www.subzero-wolf.com/trade-resources/product-specifications/product-specifications-detail/-/media/images/united-states/dynamic-images/det3050wr/det3050wr.png,"Sub-Zero, Wolf, and Cove | Kitchen Appliances that Inspire",sub-zero
DEC2450W,,Sub-Zero,"24"" Designer Wine Storage - Panel Ready",,en,https://www.subzero-wolf.com//-/media/files/united-states/product-downloads/sub-zero-wolf/use-and-care/sub-zero/designer-series-wine-use-and-care-guide.pdf,Use and Care Guide,https://www.subzero-wolf.com/sub-zero/wine-cooler/dec2450w,https://www.subzero-wolf.com/trade-resources/product-specifications/product-specifications-detail/-/media/images/united-states/dynamic-images/dec2450w/dec2450w.png,"Sub-Zero, Wolf, and Cove | Kitchen Appliances that Inspire",sub-zero
ID-24RO,,Sub-Zero,"24"" Designer Outdoor Refrigerator Drawers - Panel Ready",,en,https://www.subzero-wolf.com//-/media/files/united-states/product-downloads/sub-zero-wolf/use-and-care/sub-zero/integrated-ucg.pdf,Use and Care Guide,https://www.subzero-wolf.com/sub-zero/counter-refrigerator/24-inch-outdoor-refrigerator-drawers-panel-ready,https://www.subzero-wolf.com/trade-resources/product-specifications/product-specifications-detail/-/media/images/united-states/dynamic-images/id-24ro/id-24ro.png,"Sub-Zero, Wolf, and Cove | Kitchen Appliances that Inspire",sub-zero
UC-15IP,,Sub-Zero,"15"" Ice Maker with Pump - Panel Ready",,en,https://www.subzero-wolf.com//-/media/files/united-states/product-downloads/sub-zero-wolf/use-and-care/sub-zero/uc-15i-ucg.pdf,Use and Care Guide,https://www.subzero-wolf.com/sub-zero/counter-refrigerator/15-inch-ice-maker-with-pump-panel-ready,https://www.subzero-wolf.com/trade-resources/product-specifications/product-specifications-detail/-/media/images/united-states/dynamic-images/uc-15ip/uc-15ip.png,"Sub-Zero, Wolf, and Cove | Kitchen Appliances that Inspire",sub-zero
CL3650UFD/S,,Sub-Zero,"36"" Classic French Door Refrigerator/Freezer",,en,https://www.subzero-wolf.com//-/media/files/united-states/product-downloads/sub-zero-wolf/use-and-care/sub-zero/classic_ucg.pdf,Use and Care Guide,https://www.subzero-wolf.com/sub-zero/full-size-refrigeration/builtin-refrigerators/36-inch-built-in-french-door-refrigerator-freezer,https://www.subzero-wolf.com/trade-resources/product-specifications/product-specifications-detail/-/media/images/united-states/dynamic-images/cl3650ufd-s/cl3650ufd-.png,"Sub-Zero, Wolf, and Cove | Kitchen Appliances that Inspire",sub-zero
CL3650UG/O,,Sub-Zero,"36"" Classic Over-and-Under Refrigerator/Freezer with Glass Door - Panel Ready",,en,https://www.subzero-wolf.com//-/media/files/united-states/product-downloads/sub-zero-wolf/use-and-care/sub-zero/classic_ucg.pdf,Use and Care Guide,https://www.subzero-wolf.com/sub-zero/full-size-refrigeration/builtin-refrigerators/36-inch-built-in-over-under-glass-door-refrigerator-freezer-panel-ready,https://www.subzero-wolf.com/trade-resources/product-specifications/product-specifications-detail/-/media/images/united-states/dynamic-images/cl3650ug-o/cl3650ug-o.png,"Sub-Zero, Wolf, and Cove | Kitchen Appliances that Inspire",sub-zero
DEU1550W,,Sub-Zero,"15"" Designer Undercounter Wine Storage - Panel Ready",,en,https://www.subzero-wolf.com//-/media/files/united-states/product-downloads/sub-zero-wolf/use-and-care/sub-zero/deuwine_ucg.pdf,Use and Care Guide,https://www.subzero-wolf.com/sub-zero/wine-cooler/15-designer-undercounter-wine-storage-panel-ready,https://www.subzero-wolf.com/trade-resources/product-specifications/product-specifications-detail/-/media/images/united-states/dynamic-images/deu1550w/deu1550w.png,"Sub-Zero, Wolf, and Cove | Kitchen Appliances that Inspire",sub-zero
DEU2450W,,Sub-Zero,"24"" Designer Undercounter Wine Storage - Panel Ready",,en,https://www.subzero-wolf.com//-/media/files/united-states/product-downloads/sub-zero-wolf/use-and-care/sub-zero/deuwine_ucg.pdf,Use and Care Guide,https://www.subzero-wolf.com/sub-zero/wine-cooler/24-inch-built-in-wine-storage-panel-ready,https://www.subzero-wolf.com/trade-resources/product-specifications/product-specifications-detail/-/media/images/united-states/dynamic-images/deu2450w/deu2450w.png,"Sub-Zero, Wolf, and Cove | Kitchen Appliances that Inspire",sub-zero
PRO4850G,,Sub-Zero,"48"" PRO Refrigerator/Freezer with Glass Door",,en,https://www.subzero-wolf.com//-/media/files/united-states/product-downloads/sub-zero-wolf/use-and-care/sub-zero/pro-ucg.pdf,Use and Care Guide,https://www.subzero-wolf.com/sub-zero/full-size-refrigeration/refrigeration/pro4850g,https://www.subzero-wolf.com/trade-resources/product-specifications/product-specifications-detail/-/media/images/united-states/dynamic-images/pro4850g/pro4850g.png,"Sub-Zero, Wolf, and Cove | Kitchen Appliances that Inspire",sub-zero
UC-15I,,Sub-Zero,"15"" Ice Maker - Panel Ready",,en,https://www.subzero-wolf.com//-/media/files/united-states/product-downloads/sub-zero-wolf/use-and-care/sub-zero/uc-15i-ucg.pdf,Use and Care Guide,https://www.subzero-wolf.com/sub-zero/counter-refrigerator/15-inch-ice-maker-panel-ready,https://www.subzero-wolf.com/trade-resources/product-specifications/product-specifications-detail/-/media/images/united-states/dynamic-images/uc-15i/uc-15i.png,"Sub-Zero, Wolf, and Cove | Kitchen Appliances that Inspire",sub-zero
UC-15IO,,Sub-Zero,"15"" Outdoor Ice Maker - Panel Ready",,en,https://www.subzero-wolf.com//-/media/files/united-states/product-downloads/sub-zero-wolf/use-and-care/sub-zero/uc-15i-ucg.pdf,Use and Care Guide,https://www.subzero-wolf.com/sub-zero/counter-refrigerator/15-inch-outdoor-ice-maker-panel-ready,https://www.subzero-wolf.com/trade-resources/product-specifications/product-specifications-detail/-/media/images/united-states/dynamic-images/uc-15io/uc-15io.png,"Sub-Zero, Wolf, and Cove | Kitchen Appliances that Inspire",sub-zero
CL3050W/O,,Sub-Zero,"30"" Classic Wine Storage - Panel Ready",,en,https://www.subzero-wolf.com//-/media/files/united-states/product-downloads/sub-zero-wolf/use-and-care/sub-zero/classicwine_ucg.pdf,Use and Care Guide,https://www.subzero-wolf.com/sub-zero/wine-cooler/30-inch-built-in-column-wine-storage-panel-ready,https://www.subzero-wolf.com/trade-resources/product-specifications/product-specifications-detail/-/media/images/united-states/dynamic-images/cl3050w-o/cl3050w-o.png,"Sub-Zero, Wolf, and Cove | Kitchen Appliances that Inspire",sub-zero
CL3050W/S,,Sub-Zero,"30"" Classic Wine Storage",,en,https://www.subzero-wolf.com//-/media/files/united-states/product-downloads/sub-zero-wolf/use-and-care/sub-zero/classicwine_ucg.pdf,Use and Care Guide,https://www.subzero-wolf.com/sub-zero/wine-cooler/30-inch-built-in-column-wine-storage,https://www.subzero-wolf.com/trade-resources/product-specifications/product-specifications-detail/-/media/images/united-states/dynamic-images/cl3050w-s/cl3050w-s.png,"Sub-Zero, Wolf, and Cove | Kitchen Appliances that Inspire",sub-zero
CL3050U/O,,Sub-Zero,"30"" Classic Over-and-Under Refrigerator/Freezer - Panel Ready",,en,https://www.subzero-wolf.com//-/media/files/united-states/product-downloads/sub-zero-wolf/use-and-care/sub-zero/classic_ucg.pdf,Use and Care Guide,https://www.subzero-wolf.com/sub-zero/full-size-refrigeration/builtin-refrigerators/30-inch-built-in-over-under-refrigerator-freezer-panel-ready,https://www.subzero-wolf.com/trade-resources/product-specifications/product-specifications-detail/-/media/images/united-states/dynamic-images/cl3050u-o/cl3050u-o.png,"Sub-Zero, Wolf, and Cove | Kitchen Appliances that Inspire",sub-zero
DEU2450BG/ADA,,Sub-Zero,"24"" Designer Undercounter ADA Height Beverage Center - Panel Ready",,en,https://www.subzero-wolf.com//-/media/files/united-states/product-downloads/sub-zero-wolf/use-and-care/sub-zero/deundercounter_ucg.pdf,Use and Care Guide,https://www.subzero-wolf.com/sub-zero/counter-refrigerator/24-designer-undercounter-ada-height-beverage-center-panel-ready,https://www.subzero-wolf.com/trade-resources/product-specifications/product-specifications-detail/-/media/images/united-states/dynamic-images/deu2450bg-ada/deu2450bg-.png,"Sub-Zero, Wolf, and Cove | Kitchen Appliances that Inspire",sub-zero
DEU2450R/ADA,,Sub-Zero,"24"" Designer Undercounter ADA Height Refrigerator - Panel Ready",,en,https://www.subzero-wolf.com//-/media/files/united-states/product-downloads/sub-zero-wolf/use-and-care/sub-zero/deundercounter_ucg.pdf,Use and Care Guide,https://www.subzero-wolf.com/sub-zero/counter-refrigerator/24-inch-undercounter-ada-height-refrigerator-panel-ready,https://www.subzero-wolf.com/trade-resources/product-specifications/product-specifications-detail/-/media/images/united-states/dynamic-images/deu2450r-ada/deu2450r-a.png,"Sub-Zero, Wolf, and Cove | Kitchen Appliances that Inspire",sub-zero
DEU2450CI,,Sub-Zero,"24"" Designer Undercounter Refrigerator/Freezer with Ice Maker  Panel Ready",,en,https://www.subzero-wolf.com//-/media/files/united-states/product-downloads/sub-zero-wolf/use-and-care/sub-zero/deundercounter_ucg.pdf,Use and Care Guide,https://www.subzero-wolf.com/sub-zero/counter-refrigerator/24-inch-undercounter-refrigerator-freezer-ice-maker-panel-ready,https://www.subzero-wolf.com/trade-resources/product-specifications/product-specifications-detail/-/media/images/united-states/dynamic-images/deu2450ci/deu2450ci.png,"Sub-Zero, Wolf, and Cove | Kitchen Appliances that Inspire",sub-zero
DEU1550BG,,Sub-Zero,"15"" Designer Undercounter Beverage Center - Panel Ready",,en,https://www.subzero-wolf.com//-/media/files/united-states/product-downloads/sub-zero-wolf/use-and-care/sub-zero/deundercounter_ucg.pdf,Use and Care Guide,https://www.subzero-wolf.com/sub-zero/counter-refrigerator/15-designer-undercounter-beverage-center-panel-ready,https://www.subzero-wolf.com/trade-resources/product-specifications/product-specifications-detail/-/media/images/united-states/dynamic-images/deu1550bg/deu1550bg.png,"Sub-Zero, Wolf, and Cove | Kitchen Appliances that Inspire",sub-zero
DET3650CIID,,Sub-Zero,"36"" Designer Over-and-Under Refrigerator/Freezer with Ice Maker and Internal Dispenser - Panel Ready",,en,https://www.subzero-wolf.com//-/media/files/united-states/product-downloads/sub-zero-wolf/use-and-care/sub-zero/designer-series-use-and-care-guide.pdf,Use and Care Guide,https://www.subzero-wolf.com/sub-zero/full-size-refrigeration/integrated-fridges/36-inch-integrated-over-under-refrigerator-freezer-internal-dispenser-ice-maker-panel-ready,https://www.subzero-wolf.com/trade-resources/product-specifications/product-specifications-detail/-/media/images/united-states/dynamic-images/det3650ciid/det3650cii.png,"Sub-Zero, Wolf, and Cove | Kitchen Appliances that Inspire",sub-zero
CL4850UFD/O,,Sub-Zero,"48"" Classic French Door Refrigerator/Freezer - Panel Ready",,en,https://www.subzero-wolf.com//-/media/files/united-states/product-downloads/sub-zero-wolf/use-and-care/sub-zero/classic_ucg.pdf,Use and Care Guide,https://www.subzero-wolf.com/sub-zero/full-size-refrigeration/builtin-refrigerators/48-inch-built-in-french-door-refrigerator-freezer-panel-ready,https://www.subzero-wolf.com/trade-resources/product-specifications/product-specifications-detail/-/media/images/united-states/dynamic-images/cl4850ufd-o/cl4850ufd-.png,"Sub-Zero, Wolf, and Cove | Kitchen Appliances that Inspire",sub-zero
DET3050CIID,,Sub-Zero,"30"" Designer Over-and-Under Refrigerator/Freezer with Ice Maker and Internal Dispenser - Panel Ready",,en,https://www.subzero-wolf.com//-/media/files/united-states/product-downloads/sub-zero-wolf/use-and-care/sub-zero/designer-series-use-and-care-guide.pdf,Use and Care Guide,https://www.subzero-wolf.com/sub-zero/full-size-refrigeration/integrated-fridges/30-inch-integrated-over-under-refrigerator-freezer-ice-maker-internal-dispenser-panel-ready,https://www.subzero-wolf.com/trade-resources/product-specifications/product-specifications-detail/-/media/images/united-states/dynamic-images/det3050ciid/det3050cii.png,"Sub-Zero, Wolf, and Cove | Kitchen Appliances that Inspire",sub-zero
DEU2450R,,Sub-Zero,"24"" Designer Undercounter Refrigerator - Panel Ready",,en,https://www.subzero-wolf.com//-/media/files/united-states/product-downloads/sub-zero-wolf/use-and-care/sub-zero/deundercounter_ucg.pdf,Use and Care Guide,https://www.subzero-wolf.com/sub-zero/counter-refrigerator/24-inch-undercounter-refrigerator-panel-ready,https://www.subzero-wolf.com/trade-resources/product-specifications/product-specifications-detail/-/media/images/united-states/dynamic-images/deu2450r/deu2450r.png,"Sub-Zero, Wolf, and Cove | Kitchen Appliances that Inspire",sub-zero
DEU2450RO,,Sub-Zero,"24"" Outdoor Undercounter Refrigerator  Panel Ready",,en,https://www.subzero-wolf.com//-/media/files/united-states/product-downloads/sub-zero-wolf/use-and-care/sub-zero/deundercounter_ucg.pdf,Use and Care Guide,https://www.subzero-wolf.com/sub-zero/counter-refrigerator/24-inch-outdoor-undercounter-refrigerator-panel-ready,https://www.subzero-wolf.com/trade-resources/product-specifications/product-specifications-detail/-/media/images/united-states/dynamic-images/deu2450ro/deu2450ro.png,"Sub-Zero, Wolf, and Cove | Kitchen Appliances that Inspire",sub-zero
DEU1550B,,Sub-Zero,"15"" Designer Undercounter Beverage Center with Solid Door - Panel Ready",,en,https://www.subzero-wolf.com//-/media/files/united-states/product-downloads/sub-zero-wolf/use-and-care/sub-zero/deundercounter_ucg.pdf,Use and Care Guide,https://www.subzero-wolf.com/sub-zero/counter-refrigerator/15-designer-undercounter-beverage-center-with-solid-door-panel-ready,https://www.subzero-wolf.com/trade-resources/product-specifications/product-specifications-detail/-/media/images/united-states/dynamic-images/deu1550b/deu1550b.png,"Sub-Zero, Wolf, and Cove | Kitchen Appliances that Inspire",sub-zero
DEU2450BG,,Sub-Zero,"24"" Designer Undercounter Beverage Center - Panel Ready",,en,https://www.subzero-wolf.com//-/media/files/united-states/product-downloads/sub-zero-wolf/use-and-care/sub-zero/deundercounter_ucg.pdf,Use and Care Guide,https://www.subzero-wolf.com/sub-zero/counter-refrigerator/24-inch-undercounter-beverage-center-panel-ready,https://www.subzero-wolf.com/trade-resources/product-specifications/product-specifications-detail/-/media/images/united-states/dynamic-images/deu2450bg/deu2450bg.png,"Sub-Zero, Wolf, and Cove | Kitchen Appliances that Inspire",sub-zero
DF30450/S/P,,Wolf,"30"" Dual Fuel Range - 4 Burners",,en,https://www.subzero-wolf.com//-/media/files/united-states/product-downloads/sub-zero-wolf/use-and-care/wolf/dual-fuel-range-use-and-care-guide.pdf,Use and Care Guide,https://www.subzero-wolf.com/wolf/ranges/dual-fuel/30-inch-dual-fuel-range-4-burners,https://www.subzero-wolf.com/trade-resources/product-specifications/product-specifications-detail/-/media/images/united-states/dynamic-images/df30450-s-p/df30450-s-.png,"Sub-Zero, Wolf, and Cove | Kitchen Appliances that Inspire",wolf
ID-30F,,Sub-Zero,"30"" Designer Freezer Drawers - Panel Ready",,en,https://www.subzero-wolf.com//-/media/files/united-states/product-downloads/sub-zero-wolf/use-and-care/sub-zero/integrated-ucg.pdf,Use and Care Guide,https://www.subzero-wolf.com/sub-zero/counter-refrigerator/30-inch-freezer-drawers-panel-ready,https://www.subzero-wolf.com/trade-resources/product-specifications/product-specifications-detail/-/media/images/united-states/dynamically-generated-product-images/id-30f/dynamic_id-30f.png,"Sub-Zero, Wolf, and Cove | Kitchen Appliances that Inspire",sub-zero
DF48450CG/S/P,,Wolf,"48"" Dual Fuel Range - 4 Burners, Infrared Charbroiler and Infrared Griddle",,en,https://www.subzero-wolf.com//-/media/files/united-states/product-downloads/sub-zero-wolf/use-and-care/wolf/dual-fuel-range-use-and-care-guide.pdf,Use and Care Guide,https://www.subzero-wolf.com/wolf/ranges/dual-fuel/48-inch-dual-fuel-range-4-burners-infrared-charbroiler-infrared-griddle,https://www.subzero-wolf.com/trade-resources/product-specifications/product-specifications-detail/-/media/images/united-states/dynamic-images/df48450cg-s-p/df48450cg-.png,"Sub-Zero, Wolf, and Cove | Kitchen Appliances that Inspire",wolf
GR484CG,,Wolf,"48"" Gas Range - 4 Burners, Infrared Charbroiler and Infrared Griddle",,en,https://www.subzero-wolf.com//-/media/files/united-states/product-downloads/sub-zero-wolf/use-and-care/wolf/granges-ucg.pdf,Use and Care Guide,https://www.subzero-wolf.com/wolf/ranges/gas-range/48-inch-gas-range-4-burners-infrared-charbroiler-infrared-griddle,https://www.subzero-wolf.com/trade-resources/product-specifications/product-specifications-detail/-/media/images/united-states/dynamically-generated-product-images/gr484cg/dynamic_gr484cg.png,"Sub-Zero, Wolf, and Cove | Kitchen Appliances that Inspire",wolf
GR488,,Wolf,"48"" Gas Range - 8 Burners",,en,https://www.subzero-wolf.com//-/media/files/united-states/product-downloads/sub-zero-wolf/use-and-care/wolf/granges-ucg.pdf,Use and Care Guide,https://www.subzero-wolf.com/wolf/ranges/gas-range/48-inch-gas-range-8-burners,https://www.subzero-wolf.com/trade-resources/product-specifications/product-specifications-detail/-/media/images/united-states/dynamically-generated-product-images/gr488/dynamic_gr488.png,"Sub-Zero, Wolf, and Cove | Kitchen Appliances that Inspire",wolf
GR486G,,Wolf,"48"" Gas Range - 6 Burners and Infrared Griddle",,en,https://www.subzero-wolf.com//-/media/files/united-states/product-downloads/sub-zero-wolf/use-and-care/wolf/granges-ucg.pdf,Use and Care Guide,https://www.subzero-wolf.com/wolf/ranges/gas-range/48-inch-gas-range-6-burners-infrared-griddle,https://www.subzero-wolf.com/trade-resources/product-specifications/product-specifications-detail/-/media/images/united-states/dynamically-generated-product-images/gr486g/dynamic_gr486g.png,"Sub-Zero, Wolf, and Cove | Kitchen Appliances that Inspire",wolf
